,0
TrevPerson,352:55:13
fullgrowngaming,271:16:51
dopeZera,194:32:31
popesquidward,153:53:16
EnNopp112,153:18:44
MajinPhil,135:17:32
NicoSpeedsub,133:01:15
clairelynnd,118:39:26
chopperman9,113:21:39
jess57329,105:15:06
HyrulianKnight,92:29:56
FFerraz1,86:18:48
AntiLink,83:11:34
bewildebeest,82:14:42
TrulyNaN,82:06:42
Draconif,75:02:47
Zunar,69:21:26
Butterlord,69:11:08
VPP,67:49:40
SampleName_,65:35:16
Türkenheimer,64:35:22
bann_jpn,62:00:47
ki9698,61:12:50
MaxSen_G,60:52:05
Avijobat,60:22:13
unlink,59:36:28
flanthis,54:06:34
Marco,52:33:39
Severed_Speedruns,52:22:23
Eumeus14,47:00:25
Zeepo,46:17:28
mrjerkyjerky,44:28:18
ADruck,40:42:29
ETHigPlayz,40:41:09
Blaze1438,40:34:28
Amateseru,40:33:19
LuuuWun,40:13:38
realtimeattack64,39:41:49
shiba,39:38:25
darb_meister30,38:46:25
Rylie,37:36:36
RicoDexter,36:06:05
orima_r,35:59:51
Rubixmagic,34:30:12
Sethblake97,34:28:45
Ostrealava02,34:10:16
bofa_shuckle,33:59:49
Fig02,30:55:03
Devachu,30:55:02
GreenMixTape,30:53:10
SnowieY,30:50:32
TheHumanProtractor,30:25:19
ZootySuzy,30:14:43
atz,29:44:09
Henrz,29:21:50
mousse1204,28:57:39
Kuroshi,28:30:10
Sceph,27:00:50
Dyceron,26:17:39
95Shade,24:44:11
Jimmie1717,24:28:44
Spoo,24:28:35
Medechi,24:08:55
JakeZSR,24:07:42
Haru様,23:57:43
Armaggedun_,23:51:30
FsJuicyJ,23:22:45
thiefbug,22:08:42
TheLegendofZaheer,22:06:02
thesausage,21:48:56
LouLouCore,21:42:49
KenjiiTV,21:42:12
EToGold,20:59:22
Zelkys,19:54:44
ClaireSV,19:43:27
mistmaster1,19:27:59
Linkorange,19:26:01
Phaaze,19:08:59
Shorkweek,18:57:13
jacko_920,18:54:09
Chimera,18:48:59
sva,18:27:53
Kneato,18:21:11
xxShawn,18:17:01
Skull9KiD,17:19:13
Melrose,17:13:13
Riekelt,17:12:56
williamwallace88,16:31:55
Niamek,16:27:49
ArmorySons,16:25:34
JakiJo,16:15:30
katienoelle,16:12:35
MaceKid1,15:48:17
FoxyToaster,15:41:35
SlaskPrask,15:10:53
AmateurHour,15:06:38
AndImJavert1,15:06:21
Bluehits,15:03:02
Your_Bro_Bri,14:56:42
NicV,14:52:21
morpheus080,14:50:16
sullyjhf,14:31:57
SiirZax,14:06:20
roxas4ever,13:59:47
gc_one2,13:56:09
Felix_Helix_TM,13:48:23
brightwolfz,13:48:02
Goron,13:38:22
neckdino,13:35:29
omgatree6,13:24:10
Scibbah,13:23:43
Noctiverse,13:20:58
MiraiScarlet,13:19:42
AwesomeBrewski,13:11:19
jfm2796,13:08:11
Vidya_James,13:07:59
MidKnight,12:52:03
Etchpen,12:45:31
ottotonsorialist,12:43:55
RadiumH,12:39:11
IAmSonaholic,12:26:59
erubi,12:26:30
JustLeeBelmont,12:18:29
Crankeey,12:14:13
1stTheEditor,12:08:22
rubbertoe64,12:07:04
G3neziz,12:06:14
RickyBoy_EA96,11:58:02
CarlosDaMan,11:57:37
Adrian187,11:54:58
BEZB4animal,11:42:10
azder,11:42:03
Taw_,11:38:55
VenMissa,11:19:45
TheWindMask,11:18:57
slimshaney,11:16:55
Cubex,11:11:07
zfg,11:06:42
autobuy,10:58:19
Kaztalek,10:57:22
Sileair,10:44:42
Canight,10:38:01
Coldeggman,10:35:27
Skyward,10:26:56
drooness,10:19:04
Runnerguy2489,10:16:46
bell,10:10:33
YobunTeme,10:09:16
anon58,10:07:47
thu_ox,10:04:45
RC_Nevan,9:59:18
Sjorec,9:55:37
Oxxyga,9:54:44
ZoxMosz,9:45:44
AlexGoesFast,9:41:52
Alpha__m,9:41:09
GregWells,9:38:49
Matsuzen,9:38:49
Benjee,9:22:06
geragg34,9:21:08
mrrobotpirate,9:19:36
PiranhaPig,9:17:58
RyneGiles,9:11:17
dannyb,8:55:14
Tokyoboi,8:55:06
Jachel,8:55:00
Gold,8:53:06
EvilAngel2020,8:50:13
ZeldaGamer,8:49:57
Boo,8:47:55
Indextic,8:43:22
dreaded_,8:41:40
Willx48,8:31:07
ganobrator,8:17:23
Hero of masks,8:16:06
starcrytas,8:08:57
miscelaneous,8:06:35
Venick,8:04:27
PartySquatch,8:04:06
Faydz,8:01:47
BlueBob,7:59:38
Michaelton,7:56:27
Skozzy,7:45:52
RadioGaming,7:45:32
KRISTOPHOLO,7:39:36
Carpo,7:34:01
Zas,7:32:08
congistheking,7:24:03
FreezR,7:23:27
Rahollow,7:22:38
v0lt_,7:19:57
Rivierkreeft,7:17:07
Vertigo95,7:16:44
Scibby,7:12:10
Sentoz,7:09:47
Erwan,7:03:42
RhoneRanger,6:58:49
Richman212,6:57:48
Eazy_peazy16,6:57:36
CheesyWhales,6:54:31
Acolyte,6:49:40
Drane2312,6:42:45
daiso,6:39:32
LexiWatercolor,6:39:02
Riddler,6:34:43
tdutch,6:34:31
plasma-parse,6:34:13
carlwheezerfetusbetr,6:34:00
Mal1t1a,6:32:43
Tag609,6:31:07
Peffern,6:30:16
alaris,6:25:44
mrbubbleskp,6:25:12
Lortwogo,6:14:23
The_Un_Awakend,6:12:44
Tinper,6:11:37
seraki,6:04:54
SnoWin,6:02:11
Rrizzo_0,6:01:43
gotor12,5:59:44
Elfflame,5:57:28
DeathBasket,5:52:18
Ben,5:43:34
chocopoptart,5:43:19
gu_m1875,5:42:40
thk573,5:40:35
ingx24,5:38:36
raggen,5:37:01
idunno,5:32:37
Link11,5:29:03
Luffy_FTW,5:25:48
majora1176,5:17:14
Yaruzu,5:16:43
Stardust1647,5:13:06
oddgingerr,5:12:59
skelexspeedruns,5:09:12
zelpikukirby,5:06:58
Cerberus,5:03:42
SeedBorn,5:01:58
Lance,5:01:31
ProbablyButter,4:59:11
mmfruit,4:59:00
Pinata,4:54:04
xxhectorxx5000,4:48:10
eNt91,4:47:05
Celestial_Derp,4:44:31
picks_6,4:42:38
BrainAtrophy27,4:40:17
Kenai,4:38:31
kyoka,4:38:19
RoseCurel,4:34:39
TylersGaming,4:31:42
YudiaStarmine,4:31:32
WasiBlossi,4:30:29
Tara,4:23:48
PurpleDragon796,4:22:50
ClassyG,4:22:40
Xandervile,4:21:51
wrenchd,4:16:58
eN-t,4:16:18
marklasater,4:15:42
Amber24,4:10:43
JSR_,4:09:43
xpskrusherxs,4:07:06
Sttaner93,4:04:55
MaggieWuerze,4:04:15
Takeo,4:03:09
RSR,4:00:06
Hornlitz,3:59:09
romulostx,3:58:25
DeekuNutz,3:58:06
FoOltz,3:57:25
MilkyWilky0w0,3:56:38
jaiirou,3:55:24
MutantAura,3:54:47
flyingtoaster0,3:53:44
RooseSR,3:53:25
savagewizzrobe,3:53:02
Zophos,3:49:06
SHO糖,3:47:49
火とんび,3:47:07
Cogsy,3:46:40
LonePikachu,3:46:18
EbonyZero,3:45:22
RRHAN,3:45:21
Sigmin,3:44:14
Enhu,3:43:47
しゅいろ,3:40:10
Kosmic,3:40:01
LunaLoire,3:39:17
Ryan,3:39:08
ATC007,3:38:42
248,3:37:55
KUROMIN0408,3:36:21
Darko,3:35:53
DJCarmichael,3:35:25
renegadeanon,3:34:44
Vespher,3:33:59
ZeldaGamer1995,3:33:41
サワケン,3:31:50
Psymon,3:31:41
Bob5858,3:29:23
warndanger,3:27:37
ZachLink99,3:26:15
kelarus,3:25:43
しんり,3:25:38
Firekillerxx,3:25:00
annanokeiji,3:24:47
蛇神,3:24:06
Nova2401,3:23:43
person701,3:22:49
HomuraAkemi,3:21:53
BUSHY_DAD,3:21:39
Evangelith,3:21:06
Roehoer,3:19:15
Valientlink,3:19:00
dada,3:18:07
Lotuski24,3:17:11
はてなっち,3:16:36
DemmKo,3:16:17
つん,3:15:40
FishFood,3:15:26
PlasticineGuy,3:14:18
Koobes,3:13:47
Facity,3:13:13
R4NG3,3:12:35
iwabi74,3:12:08
AndrewAJT,3:08:51
Sam_,3:07:38
MTstriker10,3:07:28
Suracin,3:06:21
Bonooru,3:06:09
UprightThumbs,3:04:22
Pflaap,3:03:53
Pokey,3:03:36
あいしー,3:01:34
DJS,2:59:08
Antijo,2:58:22
kacologo,2:58:09
あかくろ,2:58:07
桜んぼ,2:58:06
パラやん,2:56:55
なしゅ,2:56:47
ダイソ,2:56:36
だりん,2:56:01
とらっし,2:54:46
ハルケン,2:54:37
Asherza,2:54:22
adefgames,2:53:55
ばね,2:53:25
アストロ,2:52:56
さんきち,2:52:54
GiantClam,2:52:38
Chabo,2:52:16
siglemic,2:51:34
Xryole1,2:49:05
BlinkzyLikesTurtles,2:48:38
ZerKirL,2:48:25
l1ghtaluc4rd,2:48:20
Cfox,2:48:16
Tatakiwaru,2:48:10
gymnast86,2:47:03
Hsmboy,2:46:49
BlackBaron24,2:45:58
ThePackle,2:45:44
LinkZeldaMaster,2:43:16
theMakaron,2:42:35
hayafo,2:42:21
Duckmij,2:37:44
everalert,2:37:21
benstephens1000,2:37:17
Biocaker,2:32:15
magnumpi475,2:30:34
TBDM,2:28:42
Gravegold,2:28:41
Shinybreiton,2:28:09
Thijmthijm,2:26:17
RBman,2:25:40
mrsinji,2:24:29
Kazuma__,2:23:43
Amawolf,2:23:30
DiamondLink,2:23:18
Magnum66,2:22:58
tlozsr,2:21:45
Ryuunake98,2:18:25
Andreltd,2:16:41
Sluse,2:16:31
chromium_light,2:15:23
XKILLERCINO,2:15:12
mtmannion,2:13:51
ocdrummer47,2:13:35
cheeze4343,2:12:31
Bre_z,2:12:16
Rocmox,2:09:51
Wh1te_ConyeWest,2:09:44
Herbiie,2:09:37
GarageDoorOpener,2:09:33
gabyelnuevo,2:09:08
Dissident_Panda,2:09:05
JDLM,2:06:30
YashichiDSF,2:05:28
Yashichi,2:05:28
camo_ninga,2:05:18
Ronano,2:04:26
Outlawmentalman,2:03:46
Zaf,2:03:43
Edwardinary,2:03:35
qwerty1605,2:03:34
Myelin,2:03:26
Koda315,2:03:24
joro550,2:02:32
Someguy,2:01:34
pasyuirony03,2:01:24
Graddarn,2:01:02
LeMrGamer,2:00:56
quo,2:00:19
Kuhls,1:59:19
JabaTheJefe,1:58:59
cafde,1:58:44
Adarax,1:58:30
RTADan,1:58:14
TheDarkmanWs,1:57:59
SodiumEyes,1:57:15
jiano,1:56:52
Washeyy,1:56:31
Refreshy,1:56:28
Luttentuusi,1:55:39
Toastarific,1:55:36
Septerna,1:52:32
trueLove429,1:51:24
YoloJesus420,1:50:59
Bancakes,1:50:48
Kiriplant,1:50:16
Samots,1:49:49
Samura1man,1:49:29
Vynleren,1:49:18
Solasel,1:48:51
hiCtheDrank,1:48:49
DoctorKill,1:48:18
HiST,1:48:11
monaka,1:47:45
TheChronUltimate,1:47:42
DeliciousSalad,1:47:19
trakilicious,1:46:34
Swankeaboo,1:46:30
maxx,1:44:45
Ghoti1482,1:44:13
Sahara,1:44:04
rodner,1:44:01
Casey B,1:43:21
FloFloo2217,1:42:59
Folt1,1:41:27
enu,1:40:21
Triidin,1:39:34
Braad,1:39:02
Linkus7,1:38:57
Grief911,1:38:55
ぐつぐつきりぼしだいこん,1:38:44
Joeeff,1:38:33
Memorecks,1:38:31
haruken_hiroshi,1:38:15
ZoraDude119,1:38:06
MidnightOnThe3rdDay,1:37:50
Flofloo,1:37:42
jodenstone,1:36:31
Nooya,1:35:19
Blueser,1:33:40
ChaoticAce,1:29:17
Thunderbolt,1:29:01
somsnosa,1:18:24
LinkTahuterasuSpirit,1:13:49
Jonmuxu,1:02:14
JackoTSC,0:55:33
sera18171,0:50:51
Joaish,0:50:47
Pluff35,0:35:04
KingWafl,0:34:12
maosfx,0:33:23
JoshCalamari,0:31:47
kemXtrm,0:29:40
BetoKos,0:26:35
Marthur,0:12:39
Perzyk,0:02:13
agdf_ydy,0:01:42
